,title,latitude,longitude,introduction
0,'Burgstall Harburg',12.65998,48.67277,"Der 'Burgstall Harburg' bezeichnet eine Burgstall abgegangene mittelalterliche Niederungsburg nahe von Harburg Pilsting Harburg, heute einem Gemeindeteil des Niederbayern niederbayerischen Marktgemeinde Bayern Marktes Pilsting im Landkreis Dingolfing-Landau.Er liegt in einem Waldstück ca. 600 m südlich der Hl. Kreuz-Kapelle von Harburg und wird als Bodendenkmal unter der Aktennummer D-2-7341-0022 im Liste der Bodendenkmäler in Pilsting Bayernatlas als „verebneter Burgstall des Mittelalters bzw. der frühen Neuzeit“ geführt. Nördlich verläuft der Gänsmühlbach und ca. 600 m südlich ist die Isar.Navigationsleiste Burgen und Schlösser im Landkreis Dingolfing-Landau"
1,'Burgstall Rengersdorf',12.78315,48.62499,"Der 'Burgstall Rengersdorf' bezeichnet eine Burgstall abgegangene mittelalterliche Wasserburg nahe dem Kirchdorf Rengersdorf Eichendorf Rengersdorf, heute einem Gemeindeteil des Niederbayern niederbayerischen Marktgemeinde Bayern Marktes Eichendorf im Landkreis Dingolfing-Landau. Er liegt ca. 100&nbsp;m nordnordwestlich Rengersdorf und wird als Bodendenkmal unter der Liste der Bodendenkmäler in Eichendorf Aktennummer D-2-7342-0085 im Bayernatlas als „verebneter Burgstall des Mittelalters“ geführt.== Beschreibung ==Diese abgegangene Burganlage ist annähernd quadratisch. Das Burgareal umfasst ca. 70 × 80&nbsp;m und wird vom Ötzgraben, einem linken Zufluss der Vils Donau Vilskanals, diagonal durchflossen. Heute ist die ehemalige Wasserburg verebnet."
2,' Burgstall Rohrbach',12.85409,48.65727,"Der ' Burgstall Rohrbach' bezeichnet eine Burgstall abgegangene mittelalterliche Niederungsburg nahe dem Dorf Rohrbach Eichendorf Rohrbach, heute einem Gemeindeteil des Niederbayern niederbayerischen Marktgemeinde Bayern Marktes Eichendorf im Landkreis Dingolfing-Landau. Er liegt ca. 600 m nordwestlich von Rohrbach und wird als Bodendenkmal unter der Liste der Bodendenkmäler in Eichendorf Aktennummer D-2-7343-0005 im Bayernatlas als „Burgstall des Mittelalters und der frühen Neuzeit“ geführt.== Beschreibung ==Der Burgstall liegt östlich des Rohrbach Vilskanal Rohrbaches in einer mit Laubwald bestandenen Niederung. Die Reste verweisen auf ein mit einem Ringgraben umschlossenes Kernwerk und eine Vorburg, die ebenfalls von einem Graben umgeben war. 1862 wurde nächst Rohrbach ein „verfallenes Schloss“ genannt, dessen Hügel von einem Wassergraben umgeben war. Gefunden wurden Ziegelmauerreste, weitere Funde liegen nicht vor."
3,'Burgstall Rosenau ',12.56925,48.66499,"Der 'Burgstall Rosenau ' ist eine Burgstall abgegangene mittelalterliche Niederungsburg nahe dem Dorf Rosenau Mamming Rosenau, heute einem Gemeindeteil der Niederbayern niederbayerischen Gemeinde Deutschland Gemeinde Mamming im Landkreis Dingolfing-Landau. Er liegt ca. 900&nbsp;m nördlich von Rosenau und wird als Bodendenkmal unter der Liste der Bodendenkmäler in Mamming Aktennummer D-2-7341-0032 im Bayernatlas als „verebneter Burgstall des Mittelalters“ geführt.== Beschreibung ==Der abgegangene Burgstall Rosenau liegt unmittelbar an dem früheren Taubenödersee, was darauf schließen lässt, dass dies eine ehemalige Wasserburg war. Heute schließt hier ein Weihergebiet an, das aus ehemaligen Kiesgruben entstanden ist."
4,'Ansitz Mülberg',12.77030,48.61454,"Der 'Ansitz Mülberg' ist ein Burgstall abgegangener mittelalterlicher Ansitz  nahe dem Dorf Aufhausen Eichendorf Aufhausen, heute einem Gemeindeteil des Niederbayern niederbayerischen Marktgemeinde Bayern Marktes Eichendorf im Landkreis Dingolfing-Landau. Er liegt ca. 900 m südöstlich der Pfarrkirche St. Michael von Aufhausen nahe der Einöde Mildenberg Eichendorf Mildenberg und wird als Bodendenkmal unter der Aktennummer D-2-7342-0473 im Liste der Bodendenkmäler in Eichendorf Bayernatlas als „untertägige Befunde des mittelalterlichen Adelssitzes ‚Mülberg‘“ geführt. == Beschreibung ==Der Ansitz Mülberg lag oberhalb des zur Vils Donau Vils führenden Büchsenholzbaches auf dem Hausberg. Bereits im 19. Jahrhundert war die Burgstelle von einem Bauernhof überbaut."
5,'Abschnittsbefestigung Wirtsberg',12.77105,48.61739,"Die 'Abschnittsbefestigung Wirtsberg' ist eine Burgstall abgegangene Ur- und Frühgeschichte vor- und frühgeschichtliche Abschnittswall Abschnittsbefestigung nahe dem Dorf Aufhausen Eichendorf Aufhausen, heute einem Gemeindeteil des Niederbayern niederbayerischen Marktgemeinde Bayern Marktes Eichendorf im Landkreis Dingolfing-Landau. Sie liegt ca. 900 m östlich der Pfarrkirche St. Michael von Aufhausen auf dem Wirtsberg und wird als Bodendenkmal unter der Liste der Bodendenkmäler in Eichendorf Aktennummer D-2-7342-0081 im Bayernatlas als „Abschnittsbefestigung vor- und frühgeschichtlicher Zeitstellung“ geführt.== Beschreibung ==Auf einem nach Westen gerichteten Bergsporn, der vom südlichen Vilstalhang und dem steileren Büchsenholzbach gebildet wird, liegt diese Wehranlage. Sie nimmt die vorderen 35 m des Bergsporns ein. Ein leicht gebogener Wall mit einem schwach ausgeprägten vorgelagerten Burggraben Graben trennt das Plateau von 60 × 35 m ab. Die Plateauränder sind künstlich gesteilt  und fallen zum Hang ab. Der nach innen steil geböschte Abschnittswall besitzt noch eine maximale Höhe von einem Meter. Das Vorgelände nach Osten ist sehr unruhig gestaltet und weist Gruben, Mulden, Wälle ? bzw. Halden auf. Diese Anlage darf nicht mit dem nahe liegenden Ansitz Mülberg verwechselt werden."
6,'Abschnittsbefestigung Haimerlberg',12.53935,48.56403,"Die 'Abschnittsbefestigung Haimerlberg' ist eine Burgstall abgegangene Ur- und Frühgeschichte vor- und frühgeschichtliche Abschnittswall Abschnittsbefestigung auf den Haimerlberg, der sich etwa 1450 m nordwestlich der Mariä Himmelfahrt Marklkofen Pfarrkirche Mariä Himmelfahrt der  Niederbayern niederbayerischen Gemeinde Deutschland Gemeinde Marklkofen im Landkreis Dingolfing-Landau bzw. 250 m nordöstlich der Filialkirche St. Peter von Aiglkofen befindet. Er wird als Bodendenkmal unter der Liste der Bodendenkmäler in Marklkofen Aktennummer D-2-7441-0137 im Bayernatlas als „Siedlung und verebnete Abschnittsbefestigung vor- und frühgeschichtlicher, u. a. neolithischer Altheimer Gruppe, sowie mittelalterlich-frühneuzeitlicher Zeitstellung“ geführt.== Beschreibung ==Die Anlage hat die Form eines unregelmäßigen Vierecks. Die gerade nördliche Seite ist ca. 200 m lang, die südwestliche Seite ca. 180 m, die südöstliche Seite folgt dem Gelände für 180 m, um dann für ein kurzes Stück 100 m nach Norden abzubiegen."
7,'Burgstall Unterframmering',12.72981,48.68113,"Der 'Burgstall Unterframmering' bezeichnet eine Burgstall abgegangene mittelalterliche Höhenburg in Unterframmering, einem Gemeindeteil des Niederbayern niederbayerischen Stadt Landau an der Isar im Landkreis Dingolfing-Landau. Er lag auf einer Anhöhe, die sich etwa 200 m südlich der Isar befindet.Der Ortsname wird von einem „Framheri“ abgeleitet, der als Gründer angenommen wird.Die Burg in Frammering wird in einer Urkunde des Herzogs Ludwig der Kelheimer aus dem Jahre 1224 genannt.<ref> Die Ursprungspfarrei. Kirche in Unterframmering feiert Patrozinium, abgerufen am 1. Juli 2021.</ref> 1998 wurde hier ein um 1400 abgebrannter Holzturm mit Erdkeller ergraben.<ref> Zwischen Himmel und Hölle. Vom Leben bis zum Sterben in einer spätmittelalterlichen Stadt in Niederbayern. Katalog der Ausstellung im Niederbayerischen Vorgeschichtsmuseum Landau a.d. Isar vom 24. Juli bis 31. Oktober 1999. Ludwig Kreiner Hrsg. Archäologie im Landkreis Dingolfing-Landau, Band 4. Abgerufen am 1. Juli 2021.</ref>"
8,'Burgstall Untergries',12.65793,48.60756,"Der 'Burgstall Untergries' bezeichnet eine Burgstall abgegangene mittelalterliche Höhenburg in dem Dorf Untergries Reisbach Untergries, einem Gemeindeteil des Niederbayern niederbayerischen Marktgemeinde Bayern Marktes Reisbach im Landkreis Dingolfing-Landau. Er liegt 550 m nordöstlich des Burgstall Schlossberg Reisbach Burgstalls Schlossberg.Er ist heute von den Gebäuden von Untergries überbaut und wird als Liste der Bodendenkmäler in Reisbach Bodendenkmal unter der Aktennummer D-2-7341-0131 im Bayernatlas als „weitgehend verebneter Burgstall des Mittelalters“ geführt.Navigationsleiste Burgen und Schlösser im Landkreis Dingolfing-Landau"
9,'Burgstall Marklkofen I',12.55539,48.55637,"Der 'Burgstall Marklkofen I' bezeichnet eine Burgstall abgegangene Ur- und Frühgeschichte vor- und frühgeschichtliche Wasserburg in Marklkofen, einer Niederbayern niederbayerischen Gemeinde Deutschland Gemeinde im Landkreis Dingolfing-Landau. Er liegt nahe der Vils Donau Vils und ist 160 m nordwestlich von der Pfarrkirche Mariä Himmelfahrt entfernt; heute befindet sich das ehemalige Burgareal zwischen der Vilsgasse und dem Schulweg und ist vollständig durch die Grundschule Marklkofen überbaut. Er wird als Liste der Bodendenkmäler in Marklkofen Bodendenkmal unter der Aktennummer D-2-7441-0241 im Bayernatlas als „verebneter und zum Teil überbauter Wasserburgstall des Mittelalters“ geführt.== Beschreibung ==Auf dem Bayerische Uraufnahme Urkataster von Bayern von ca. 1830 ist hier ein annähernd quadratisches Burgareal von ca. 30 × 30 m zu erkennen. Dieses ist von einem bis zu 15 m breiten Burggraben Wassergraben umgeben."
10,'Burgstall bei Marklkofen',12.54176,48.55388,"Der 'Burgstall bei Marklkofen' bezeichnet eine Burgstall abgegangene mittelalterliche Wasserburg nahe der Niederbayern niederbayerischen Gemeinde Deutschland Gemeinde Marklkofen im Landkreis Dingolfing-Landau. Er liegt nördlich der Vils Donau Vils und ca. 920 m westlich von der Pfarrkirche Mariä Himmelfahrt von Marklkofen. Er wird als Liste der Bodendenkmäler in Marklkofen Bodendenkmal unter der Aktennummer D-2-7441-0009 im Bayernatlas als „verebneter Wasserburgstall des Mittelalters“ geführt.== Beschreibung ==Der Burgstall bei Marklkofen ist eine kreisrunde Anlage mit ca. 110 m Durchmesser, der einen schmalen Wall und eine Grabenmulde aufweist. Durch die Turmhügelanlage führt ein Abflusskanal. Die Umrisse der verebneten Anlage sind auch heute noch gut sichtbar, z.&nbsp;B. bei leichter Beschneiung.<ref>O.Braasch: Eine mittelalterliche Wasserburg bei Marklkofen, Landkreis Dingolfing-Landau, Niederbayern. In: Das archäologische Jahr in Bayern 1981, S. 182–183.</ref>"
11,' Burgstall Marklkofen II',12.55204,48.55442,"Der ' Burgstall Marklkofen II' bezeichnet eine Burgstall abgegangene mittelalterliche Wasserburg in Marklkofen, einer Niederbayern niederbayerischen Gemeinde Deutschland Gemeinde im Landkreis Dingolfing-Landau. Er liegt 160 m südwestlich von der Pfarrkirche Mariä Himmelfahrt. Er wird als Liste der Bodendenkmäler in Marklkofen Bodendenkmal unter der Aktennummer D-2-7441-0242 im Bayernatlas als „verebneter Wasserburgstall des Mittelalters“ geführt.== Beschreibung ==Auch dieser Burgstall liegt nahe der Vils Donau Vils. Nach dem Bayerische Uraufnahme Urkataster von Bayern befand sich hier eine quadratische Anlage mit einer Seitenlänge von ca. 70 m, nach innen ist ein Burggraben Graben von etwa 20 m Breite zu erkennen. Der Zugang erfolgte von der Ostseite. Von den Gebäuden, die noch im Urkataster von Bayern abgebildet waren, ist nichts mehr zu sehen. Heute befindet sich das ehemalige Burgareal nördlich der Hauptstraße und besteht vollständig aus einer Wiese."
12,'Turmhügel Marklkofen',12.55217,48.55445,"Der 'Turmhügel Marklkofen' ist eine Burgstall abgegangene mittelalterliche Turmhügelburg Motte in Marklkofen, einer Niederbayern niederbayerischen Gemeinde Deutschland Gemeinde im Landkreis Dingolfing-Landau. Er liegt nahe der Vils Donau Vils und 140 m westlich von der Pfarrkirche Mariä Himmelfahrt und 120 m nördlich des Burgstall Marklkofen II Burgstalls Marklkofen II.Er wird als Liste der Bodendenkmäler in Marklkofen Bodendenkmal unter der Aktennummer D-2-7441-0090 im Bayernatlas als „weitgehend verebneter Turmhügel des Mittelalters“ geführt. == Beschreibung == Von dieser verebneten Turmhügelburg war bereits im Bayerische Uraufnahme Urkataster von Bayern nichts mehr zu erkennen. Heute ist das ehemalige Burgareal vollständig eine Wiese."
13,'Schloss Marklkofen',12.55606,48.55485,"Das Burgstall abgegangene 'Schloss Marklkofen' befand sich in Marklkofen, einer Niederbayern niederbayerischen Gemeinde Deutschland Gemeinde im Landkreis Dingolfing-Landau. Das verebnete und überbaute Schloss Architektur Schlossareal befindet sich 180 m östlich der Pfarrkirche Mariä Himmelfahrt; heute liegt das ehemalige Burgareal zwischen der Hauptstraße und der Raiffeisenstraße. Die Anlage wird als Liste der Bodendenkmäler in Marklkofen Bodendenkmal unter der Aktennummer D-2-7441-0247 im Bayernatlas als „untertägige Befunde des Mittelalters und der frühen Neuzeit im Bereich eines abgegangenen Adelssitzes in Marklkofen“ geführt.== Geschichte ==Das Schloss Marklkofen war der Sitz Adelssitz Sitz der Zachreis von der Lieb eig. Liebertsöd, ein Ortsteil von Marklkofen. Als erster dieser Familie erscheint 1367 ein Eglof Zachreis. Sein Sohn oder Bruder Wilhelm Zachreis verstarb 1423 in Marklkofen und wurde hier auch begraben. Der Sitz wird 1498 genannt, als Meister Hanns Margk, Pfarrer zu Frontenhausen, und andere beurkundeten, dass Martin und Adam Zachreis sich über den von ihrer Mutter, Elisabeth Zachreis, hinterlassenen Sitz geeinigt haben. Vor 1612, dem Todesjahr der Maria Magdalena Zachreisin von Marklkofen und Reicheneibach, die mit Wolfgang Tattenbeck zu Tattenbach verheiratet war, kam der Sitz an die Tattenbach Adelsgeschlecht Tattenbachs. Nach deren Aussterben gelangte der Sitz an die Arco Adelsgeschlecht Arcos. Sidonia Zachreisin brachte den Sitz wieder in ihre Hand; durch ihre Heirat mit Johann Georg von Puchberg erhielt dieser um 1600 Besitzrechte in Marklkofen. 1609 kaufte er das zweite Schloss in Marklkofen, das sogenannte Burgstall Marklkofen I Thurmschloss. 1649 erlosch die Familie der Puchberger mit Hans Wilhelm Puchberg. Dessen Tochter Sidonia war mit Franz Freiherrn von Gumppenberg Adelsgeschlecht Gumppenberg verheiratet und sie bewohnten das Thurmschloss zu Marklkofen. Durch die Heirat der Johanna Franziska von Gumppenberg mit Johann Wilhelm Freiherrn von Lerchenfeld Adelsgeschlecht Lerchenfeld zu Wasserschloss Gebelkofen Gebelkofen kam die Hofmark an die Lerchenfelds, dann an die Machtling und schließlich nach 1743 an die Freiherrn von Imsland. Daher wurde dieser Adelssitz auch Imslandschloss genannt.<ref>Literatur  Autor=Georg Schwarz  Hrsg=Kommission für Bayerische Landesgeschichte  Titel=Vilsbiburg. Die Entstehung und Entwicklung der Herrschaftsformen im niederbayerischen Raum zwischen Isar und Rott  Reihe=Historischer Atlas von Bayern  BandReihe=Altbayern  NummerReihe=Heft 37  Ort=München  Datum=1976  ISBN=3-7696-9898-3  Seiten=388f  Fundstelle=oben  Online=  Abruf=2021-06-29</ref>"
14,'Burgstall Schanze',12.46482,48.71808,"Der 'Burgstall Schanze' liegt in Tunzenberg, einem Gemeindeteil der Niederbayern niederbayerischen Gemeinde Deutschland Gemeinde Mengkofen im Landkreis Dingolfing-Landau. Der Burgstall liegt etwa 1100 m südsüdwestlich von Schloss Tunzenberg bzw. 1800 m östlich von dem Schloss Mengkofen nahe dem zur Aiterach führenden Schwebach.Die Anlage wird als Bodendenkmal unter der Liste der Bodendenkmäler in Mengkofen Aktennummer D-2-7240-0029 im Bayernatlas als „frühmittelalterlicher Ringwall“ geführt.== Beschreibung =="
15,'Burg Gruttenstein',,,"Die 'Burg Gruttenstein' ist eine Höhenburg auf Höhe 500 DE-NHN link=true in Bad Reichenhall im Landkreis Berchtesgadener Land in Bayern.<!-- == Geografische Lage == --><!-- beispielsweise Landschaften, Berge, Flüsse, Gemarkung, Höhe, etc. -->== Geschichte =="
16,'Burgruine Karlstein',,,"Die 'Burgruine Karlstein' ist eine Ruine Burgruine auf einem Felsen im Bad Reichenhaller Ortsteil Karlstein Bad Reichenhall Karlstein im Landkreis Berchtesgadener Land in Bayern.Die Ruine ist als Baudenkmal in die Bayerische Denkmalliste eingetragen, mittelalterliche und frühneuzeitliche Bodenfunde sind als Bodendenkmal vermerkt.== Geografische Lage =="
17,'Turmruine Amerang',12.841228,47.716538,"Die 'Turmruine Amerang', auch als Koferstein bezeichnet,<ref name=""Lang, S. 9"">Johannes Lang: Reichenhaller Burgenweg – Führer zu den Burgen und Schlössern im Reichenhaller Raum, S. 9.</ref> ist eine ehemalige Felsenburg in Bad Reichenhall im Landkreis Berchtesgadener Land in Bayern.Die Turmruine ist unter der Nummer D-1-72-114-193 als Baudenkmal, der Burgstall unter der Nummer D-1-8243-0133 als Bodendenkmal in die Bayerische Denkmalliste eingetragen.== Geschichte =="
18,'Burg Axelmannstein',12.882227,47.726531,"Die 'Burg Axelmannstein', auch Burg Achselmannstein geschrieben, ist eine Burgstall abgegangene Burg und späteres Schloss Architektur Schloss in Bad Reichenhall, Salzburger Straße 4, im Landkreis Berchtesgadener Land in Bayern. Die Burgstelle ist heute mit dem Hotel Axelmannstein überbaut.== Geschichte ==Die Burg<!--, deren frühe Gründung auf Kelten keltische Zeit zurückgehen könnte, Keine Quelle!--> wurde erstmals 1017 im Urbar Verzeichnis Urbarium des Kloster Tegernsee Benediktinerklosters Tegernsee als „Ehsilmannstein“ erwähnt, sie war damals Sitz der Familie Allmannstein. Dieser Edelsitz blieb bis ins 14.&nbsp;Jahrhundert im Besitz des Klosters. Danach folgen als Besitzer die Grafen von Achseln,<ref>Werner Meyer: Burgen in Oberbayern, S. 59&nbsp;f.</ref> bis 1834 das Renaissance-Schloss, ein spätmittelalterlicher Giebelbau mit vier runden Ecktürmen, abbrannte. Nach weiteren Besitzerwechseln wurde von 1909 bis 1911 nach Abriss der Folgegebäude auf deren Grundmauern das heute  Denkmalschutz denkmalgeschützte Grandhotel Axelmannstein errichtet.<!--== Geografische Lage ==-->"
19,'Burgstall Vager',12.855799,47.717402,"Der 'Burgstall Vager', auch Vogtturm,<!-- möglicherweise Verwechslung mit dem Schloss Oberhausen in Bayerisch Gmain -->  Fager, Vagera genannt, ist eine Burgstall abgegangene Höhenburg südlich des Bad Reichenhaller Ortsteils Kirchberg Bad Reichenhall Kirchberg im Landkreis Berchtesgadener Land in Bayern.== Geographische Lage ==Die Burg wurde früher auf dem „Haider-Burgstein“ über Wirtshaus Moser nordöstlich von Karlstein Bad Reichenhall Karlstein vermutet,<ref>Michael W. Weithmann: Inventar der Burgen Oberbayerns, S. 465.</ref> lag aber südlich von Kirchberg etwa bei Höhe 535 DE-NHN link=true auf halber Hanghöhe der Bürgermeisterhöhe.<ref>Lage dem Bayern Atlas entnommen</ref>"
20,'Burgstall Kirchberg',12.865925,47.719367,"Der 'Burgstall Kirchberg' ist eine Burgstall abgegangene Höhenburg auf dem Höhe 475 DE-NHN link=true hohen „Kirchberg“, auch „Doktorberg“ genannt,<!-- nach dem ehem. Besitzer Dr. Pachmayr --> an der Thumseestraße Bad Reichenhall Thumseestraße westlich der Altstadt von Bad Reichenhall bei dem Ortsteil Kirchberg Bad Reichenhall Kirchberg im Landkreis Berchtesgadener Land in Bayern.== Beschreibung ==Die Burg wurde in der ersten Hälfte des 12. Jahrhunderts von den Herren von Kirchberg erbaut und 1228 wurde ein Heinrich von Kirchberg<ref>AlleBurgen 3992 Kirchberg</ref> erwähnt."
21,'Maut zu Karlstein',12.84896,47.71957,Die 'Maut zu Karlstein'<ref>Johannes Lang: Reichenhaller Burgenweg – Führer zu den Burgen und Schlössern im Reichenhaller Raum</ref> war eine Felsenburg im Bad Reichenhaller Ortsteil Karlstein Bad Reichenhall Karlstein im Landkreis Berchtesgadener Land in Bayern. Der Burgstall ist unter der Nummer D-1-8243-0135 als Bodendenkmal in die Bayerische Denkmalliste eingetragen.== Geografische Lage ==Die Maut zu Karlstein befand sich auf einem 530 Meter hohen Felssporn oberhalb der Staatsstraße 2101 in unmittelbarer Nähe des späteren Gasthof Kaitl Gasthofes Kaitl und des heutigen Kugelbachwegs.
22,'Burgstall Hagenfels',12.928176,47.701040,"Der 'Burgstall Hagenfels' ist eine Burgstall abgegangene Höhenburg auf Höhe 750 DE-NN link=true in der Nähe von Bischofswiesen im Landkreis Berchtesgadener Land von Bayern.== Beschreibung ==Erst 1954 wurden die Überreste dieser Burg an den Nordausläufern des Lattengebirges oberhalb von Hallthurm gefunden. Es handelte sich um einen Turm mit etwa 10 mal 10 Meter Grundfläche, der vermutlich 15 Meter hoch war. Nach einer weiteren archäologischen Prospektion von 2004 zeigte sich auch eine Befestigungsanlage ungleich größeren Ausmaßes. Hagenfels lag demnach zwischen zwei parallel verlaufenden Wildbächen auf einer Höhe von Höhe 750 DE-NN link=true. Der circa 500 Meter breite Raum zwischen den beiden Bächen Klausgraben und Hallthurmgraben beherbergte neben dem zentralen Wohnturm mehrere Vorwerk Befestigung Vorwerke und Außenmauern. Die talwärts gegen Osten gerichtete Seite war mit weiteren Türmen versehen. Die Anlage war mit Wall und Graben auch bergseitig abgesichert. Eine etwa 800 Meter lange Durchfahrtsstraße führte durch die ganze Burg. Die Anlage erweckt den Eindruck, dass sie niemals vollendet worden sei."
23,'Burgstall Steinbrünning',,,Der 'Burgstall Steinbrünning' ist eine Burgstall abgegangene Wasserburg in der Mitte des Ortsteils Steinbrünning der Gemeinde Saaldorf-Surheim im Landkreis Berchtesgadener Land in Bayern.Die Burg wurde von den Herren von Stein-Brünningen erbaut und 1120 erwähnt. Von der ehemaligen Burganlage sind noch der Burghügel und der ihn umgebende kreisrunde Burggraben Wasser- und Trockengräben Wassergraben erhalten. 1273 wurde auf dem Burghügel die Kirche St.&nbsp;Johann Baptist erbaut. Einzelne Mauerteile der einstigen Burg wurden beim Bau in die Kirche integriert. == Literatur ==
24,'Burgstall Lebenau',12.875034,47.960674,"Der 'Burgstall Lebenau' ist eine Burgstall abgegangene Höhenburg auf einem Höhe 400 DE-NHN link=true hohen Sporn südlich zwischen dem Fridolfinger Ortsteil Lebenau Fridolfing Lebenau und dem Ortsteil Lebenau-Forstgarten der Stadt Laufen Salzach Laufen im Landkreis Berchtesgadener Land in Bayern.<ref> Lage des Burgstalles im Bayern Atlas</ref>== Geschichte ==Die Burg wurde um 1130 von Siegfried I. Lebenau Siegfried von Spanheim-Lebenau erbaut, dieser Kreuzzugsteilnehmer war Ministeriale des Erzdiözese Salzburg Erzbistum Salzburg. Mit dem Aussterben der Grafschaft Lebenau Grafen von Lebenau 1229 kam die Burg an das Geschichte Bayerns Das jüngere baierische Stammesherzogtum Herzogtum Bayern. 1254 kam die Burg allerdings wieder zurück an das Erzdiözese Salzburg Erzbistum Salzburg, sie machten die Burg zum Sitz eines Pfleger Mittelalter Pflegers, 1272 ist Eckhard von Thann Pfleger im „Turm zu Lebenau“."
25,'Hallburg',12.884383,47.721564,"Die 'Hallburg' ist eine Burgstall abgegangene Höhenburg auf dem Höhe 550 DE-NN link=true liegenden „Streitbichl“ früher auch: „Streitbühl“ in Bayerisch Gmain im Landkreis Berchtesgadener Land. Sie befand sich oberhalb der heute noch vorhandenen Burg Gruttenstein.Sie bestand aus einer Turmhügelburg Motte und einer Erd-Ringwallanlage mit Palisade Holzpalisaden und wurde 1144 als „castrum Halle“ erstmals erwähnt.Nachdem 1196 der Adalbert III. von Böhmen Erzbischof Adalbert von Salzburg die Stadt Bad Reichenhall Reichenhall zerstört und die Burg Gruttenstein geschleift hatte, errichtete er auf dem Streitbichl — in Sichtweite der Reste von Gruttenstein — die Hallburg zur Demonstration seiner Macht über die Stadt. Die Burg war mehrfach Ausstellungsort von Urkunden, bis sie 1262 vom Bayernherzog, der 1218 Gruttenstein wieder aufgebaut hatte, zerstört wurde."
26,'Schloss Staufeneck',,,"Das 'Schloss Staufeneck' auch: Stauffenegg, Staufenägg u.&nbsp;Ä. in der Gemeinde Piding im Landkreis Berchtesgadener Land ist eine am Fuße des Hochstaufen gelegene Festung. Sie war Sitz des salzburgischen Pfleggericht Staufeneck Pfleggerichts Staufeneck.== Geschichte ==Die ursprüngliche Burg war um 1240 von den Herren von Staufeneck, die im Dienst der Grafen von Plain standen, erbaut worden. Im Jahr 1306 verkauften die Burggrafen von Staufeneck ihre Herrschaft an das Erzstift Salzburg, dem es von 1365 bis 1805 als Pfleggericht, u.&nbsp;a. für den Rupertiwinkel, diente.  1503–13 ließ Erzbischof Leonhard von Keutschach die Anlage erweitern und Befestigung Militärische Befestigung fortifizieren, sie erhielt dabei ihr wehrhaftes Erscheinungsbild. Über dem Eingangsportal ist das Wappen Leonhard von Keutschachs, mit der Rübe, angebracht, zusammen mit der Inschrift: Ertzbischof Leonhart zu Salzburg hat das Slos paut und volbracht anno Domini 1513 Iar. Mit dem Vertrag von München 1816 Vertrag von München 1816, nach den Koalitionskriegen, kam das Gebiet des Pfleggerichtes zusammen mit Staufeneck zu Bayern. Das jetzt als Schloss Architektur Schloss bezeichnete mittelalterliche Gebäude befindet sich seit 1870 in Privatbesitz. Im 20. Jahrhundert beherbergte es einige Jahre lang ein Museum. Nach einer umfassenden Sanierung ist es heute wieder bewohnt."
27,'Burg Rabeneck',11.327316,49.822720,"'Burg Rabeneck' ist eine ehemalige hochmittelalterliche Adelsburg, hoch über dem Tal der Wiesent Regnitz Wiesent in der Fränkische Schweiz Fränkischen Schweiz im Naturpark Fränkische Schweiz-Veldensteiner Forst. Sie liegt im Gebiet von Waischenfeld im Oberfranken oberfränkischen Landkreis Bayreuth in Bayern.== Geographische Lage =="
28,'Burg Wiesentfels',,,Die 'Burg Wiesentfels' ist eine Felsenburg über dem Ortsteil Wiesentfels der oberfränkischen Stadt Hollfeld im Landkreis Bayreuth. Die Burg ist in Privatbesitz und kann besichtigt werden.== Geographische Lage ==Sie überragt auf einem 40 Meter hohen Felsen das Tal der Wiesent.
29,'Burg Wadendorf',,,"Die 'Burg Wadendorf' liegt auf einem Hügel im gleichnamigen Ort in unmittelbarer Nähe der Wiesent Regnitz Wiesent. Wadendorf ist ein Ortsteil der Gemeinde Plankenfels im Oberfranken oberfränkischen Landkreis Bayreuth in Bayern.Vorhanden sind ein zweigeschossiges Hauptgebäude, die südliche Ringmauer mit zwei Rundturm Rundtürmen sowie Reste der Toranlage.== Geschichte ==Die Höhenburg wurde erstmals in einer Urkunde des Jahres 1453 erwähnt, mit der der Bamberger Bischof Anton von Rotenhan 1431–1459 den Brüdern Bartholomäus und Andreas Königsfeld Adelsgeschlecht von Königsfeld<ref>siehe auch Liste fränkischer Rittergeschlechter K</ref> genehmigte, ihr Haus in Wadendorf als Burg umzubauen. Man geht also davon aus, dass zu dieser Zeit bereits ein Herrensitz bestand. Die neue Burg wurde dem Hochstift Bamberg Bischof von Bamberg zu Lehenswesen Lehen aufgetragen."
30,'Burg Pottenstein',11.408129,49.769939,'Burg Pottenstein' ist eine der ältesten Burgen der Fränkische Schweiz Fränkischen Schweiz und beherbergt ein Burgmuseum. Sie erhebt sich auf einem Felsen über der gleichnamigen Stadt Pottenstein Oberfranken Pottenstein im Oberfranken oberfränkischen Landkreis Bayreuth in Bayern.Die Burg und das Burgmuseum sind gegen Eintrittsgebühr zu besichtigen.== Geographische Lage ==
31,'Burg Betzenstein',11.417115,49.681971,Die 'Burg Betzenstein' ist eine hochmittelalterliche Höhenburg auf dem Höhe 512 DE-NN link=true hohen Schlossberg in der Stadt Betzenstein Burgweg 7–9 im Oberfranken oberfränkischen Landkreis Bayreuth in Bayern.<ref> Lage der Ruine im Bayern Atlas</ref><!--== Geografische Lage ==-->== Geschichte ==
32,'Burg Rabenstein',,,"'Burg Rabenstein' ist eine ehemalige hochmittelalterliche Spornburg in der Gemeinde Ahorntal im Oberfranken oberfränkischen Landkreis Bayreuth.== Geographische Lage ==Die Höhenburg befindet sich im Naturpark Fränkische Schweiz-Veldensteiner Forst auf einem felsigen Felssporn Bergsporn auf etwa 420&nbsp;Meter Höhe über dem Tal des Ailsbaches in der Fränkische Schweiz Fränkischen Schweiz, 6,5 Kilometer nordwestlich von Pottenstein Oberfranken Pottenstein. In Fußreichweite der Burg befindet sich mit der Sophienhöhle eine Tropfsteinhöhle."
33,,,,
34,,,,
35,,,,
36,'Eiringsburg',,,"Die 'Eiringsburg' oder Iringsburg ist eine Burgstall abgegangene Ringwall Ringwall-Anlage an den südlichen Ausläufern der Rhön, im Fränkische Saale Tal der fränkischen Saale gelegen.== Geografische Lage ==Die Eiringsburg erhob sich 1.350 Meter westnordwestlich der katholischen Pfarrkirche St. Peter und Paul Arnshausen Sankt Petrus und Paulus in Arnshausen, einem Stadtteil von Bad Kissingen im gleichnamigen Landkreis Bad Kissingen. Die Eiringsburg liegt auf einem namenlosen, kleineren Berg auf Höhe 251 DE-NN link=true Höhe. Der Berg wird an drei Seiten vom Golfclub Bad Kissingen Golfplatz Bad Kissingen umgeben."
37,'Burgstall Hunberg',10.138787,50.222498,"Der 'Burgstall Hunberg' ist eine Burgstall abgegangene Höhenburg an den südlichen Ausläufern der Rhön, nahe der Gemeinde Nüdlingen im Unterfranken unterfränkischen Landkreis Bad Kissingen in Bayern.== Geographische Lage ==Der Burgstall erhebt sich in östlich der Gemeinde Nüdlingen auf einem markanten Höhe 350 DE-NN link=true hohen Hügel des Schlossberges. Militärisch günstig gelegen an der Verbindungsstrecke nach Münnerstadt.<ref> Lages des Burgstalles im Bayern Atlas</ref>"
38,'Turmhügel Frauenroth',10.016730,50.261038,"Der 'Turmhügel Frauenroth', auch Castrum Burkardrode genannt, ist eine Burgstall abgegangene Turmhügelburg Motte über dem Lederbach etwa 150 Meter südwestlich der Kirche von Frauenroth, einem Ortsteil des Marktes Burkardroth im Landkreis Bad Kissingen in Bayern.== Geschichte ==Die kleine Burganlage wurde erstmals 1230 als „Castrum Burkardrode“ erwähnt, bestand aber vermutlich schon wesentlich früher, und wurde nach 1234 zerstört."
39,'Burgstall Alte Burg',10.22573,50.24600,"Der 'Burgstall Alte Burg' ist eine Burgstall abgegangene mittelalterliche Höhenburg etwa 80 nordwestlich der Kirche von Althausen Münnerstadt Althausen, einem heutigen Stadtteil von Münnerstadt im Landkreis Bad Kissingen in Bayern.Von der ehemaligen Burganlage ist noch ein Halsgraben erhalten.== Weblinks =="
40,'Ringwall Altenberg',10.07034,50.19466,"Der 'Ringwall Altenberg' ist eine Burgstall abgegangene vor- und frühgeschichtliche Ringwallanlage bei Höhe 275 DE-NHN link=true auf dem Altenberg Bad Kissingen Altenberg früher mons antiquus etwa 1270 Meter ostnordöstlich von der Kirche in Garitz Bad Kissingen Garitz, einem Ortsteil des Kurorts Bad Kissingen im Landkreis Bad Kissingen in Bayern.Von der ehemaligen Burganlage, vermutlich einer Kelten keltischen Fliehburg, sind noch Wall- und Burggraben Grabenreste erhalten.== Literatur =="
41,'Burgstall Altenburg',9.8646,50.11,"Der 'Burgstall Altenburg' ist eine Burgstall abgegangene mittelalterliche Höhenburg vom Typus eines Ebenerdiger Ansitz ebenerdigen Ansitzes etwa 460 Meter südöstlich der Ortskirche Untereschenbach Hammelburg Untereschenbach, einem heutigen Stadtteil von Hammelburg im Landkreis  Bad Kissingen in Bayern.Von der ehemaligen Burganlage ist noch ein Burggraben Graben erhalten.== Weblinks =="
42,'Burgstall Alt-Trimburg',9.98590,50.13588,"Der 'Burgstall Alt-Trimburg', auch Alte Burg, Linsenburg, Niedernburg   genannt, ist eine Burgstall abgegangene mittelalterliche Höhenburg östlich der Trimburg und etwa 500 Meter östlich der Kirche in Trimberg Elfershausen Trimberg, einem Ortsteil der Marktgemeinde Elfershausen im Landkreis Bad Kissingen in Bayern.Die Alte Burg, früher auch Niedernburg castrum inferrius oder Linsenburg genannt, wurde 1226 erstmals erwähnt und war das Vorwerk Befestigung Vorwerk der Trimburg am Fuß des Burgberges. Von der vor 1234 zerstörten Burganlage blieben noch Reste vom Bergfried und der Ringmauer erhalten. 1381 und 1401 wird die Burg nur noch als Gutshof der Herren von Arnstein und Erthal Adelsgeschlecht von Erthal genannt. Dieser wurde um 1640 endgültig zerstört.<ref>Trimburg Geschichte Vorgängerbauten der Trimburg</ref><ref>AlleBurgen 2696 Alte Burg</ref> == Einzelnachweise =="
43,,,50.27587,
44,'Abschnittsbefestigung Michelsberg',,50.25388,"Die 'Abschnittsbefestigung Michelsberg', auch Grapfeldonoburg genannt, ist eine Ur- und Frühgeschichte vorgeschichtliche und frühmittelalterliche Abschnittsburg Abschnittsbefestigung auf dem Michelsberg bei Burghausen Münnerstadt Burghausen, einem heutigen Stadtteil von Münnerstadt im Landkreis Bad Kissingen in Bayern.Die Höhenburg, von der noch Wälle und Burggraben Gräben erhalten sind, wurde etwa im 6. bis 7. Jahrhundert als Fliehburg erbaut und 812 erwähnt.== Beschreibung =="
45,'Ringwall Mettermich',9.84456,50.28518,Der 'Ringwall Mettermich' ist eine Burgstall abgegangene Ur- und Frühgeschichte vorgeschichtliche Ringwallanlage Wallburg bei Höhe 577 DE-NHN link=true auf dem Mettermich etwa 2000 Meter nordwestlich von Schondra im Landkreis  Bad Kissingen in Bayern.Von der ehemaligen Burganlage mit einer Ausdehnung von 350 × 130&nbsp;m sind noch Wall- und Burggraben Grabenrest erhalten. Sie steigen zum Gipfel hin steil an und sind sehr unwegsam. Funde auf dem Mettermich weisen auf die La-Tène-Zeit hin und lassen eine Verteidigungsanlage oder eine Fliehburg vermuten.<ref>Mettermich Geschichte Geschichte des Mettermich</ref>Andere Interpretationen sprechen von einer Kelten keltischen Kultanlage. Generell muss der Forschungsstand zum Mettermich als wenig konkret bezeichnet werden.
46,'Burg Sodenberg',9.8017,50.1086,"Die 'Burg Sodenberg', auch Kilianstein genannt, war eine Gipfelburg auf der früher Höhe 506 DE-NN link=true hohen Gipfelkuppe des heute Höhe 481.3 DE-NHN link=trueGeoQuelle DE BFN-Karten hohen Sodenbergs südöstlich von Morlesau, einem heutigen Stadtteil von Hammelburg im Landkreis Bad Kissingen in Bayern.Die 1393 erwähnte Burg wurde Mitte des 14. Jahrhunderts von den Herren von Thüngen Adelsgeschlecht Thüngen erbaut, die auch auf der 1331 errichteten Reußenburg saßen."
47,'Ringwall Schwedenschanze ',9.947459,50.149649,Der 'Ringwall Schwedenschanze ' ist eine Burgstall abgegangene Urgeschichte vorgeschichtliche Ringwallanlage bei Höhe 353 DE-NN link=true auf dem „Schanzhügel“ westlich von Elfershausen im Landkreis Bad Kissingen in Bayern.Die Wallanlage kann in die jüngere Urnenfelderzeit bis späte Hallstattzeit sowie vermutlich ins Frühmittelalter datiert werden.Von der ehemaligen Burganlage sind noch ein Abschnittswall mit Burggraben Graben und weitere Wälle erhalten.
48,'Burgstall Thundorf',10.31900,50.20050,"Der 'Burgstall Thundorf' ist eine Burgstall abgegangene mittelalterliche Höhenburg bei Höhe 307 DE auf dem Burgberg nahe dem Friedhof über dem Dorf Thundorf, heute Ortsteil der Gemeinde Thundorf in Unterfranken im Landkreis Bad Kissingen in Bayern.Die Burg wurde in der Mitte des 12.&nbsp;Jahrhunderts durch die Ritter von Thundorf errichtet. Im 14. und 15. Jahrhundert lebten in dieser Ganerbenburg die Schaumberg Adelsgeschlecht Herren von Schaumberg, bis die Burganlage im Zuge des Kärntner Bauernaufstand 1478 Bauernaufstandes zerstört wurde. 1480 ließen die Schaumberger im Tal das Wasserburg Wasserschloss Schloss Thundorf errichten.Von der ehemaligen Burganlage sind noch geringe Reste der Wallanlage erhalten."
49,'Turmhügel Hechenberg',,,"Der 'Turmhügel Hechenberg' ist eine Burgstall abgegangene Wasserburg vom Typus einer Turmhügelburg Motte 100&nbsp;Meter nordöstlich der Kirche des Ortsteils Hechenberg Dietramszell Hechenberg der Gemeinde Dietramszell im Landkreis Bad Tölz-Wolfratshausen in Bayern.<ref> Lage des Turmhügels im Bayern Atlas</ref>Die von den Herren von Hechenberg vermutlich im 11. oder 12.&nbsp;Jahrhundert gegründete Turmhügelburg Motte Burg Motte war von einem fünf bis sieben Meter breiten Burggraben Wasser- und Trockengräben Wassergraben umgeben. Möglicherweise handelt es sich um eine Vorgängeranlage der etwa 200&nbsp;Meter westlich in Spornburg Spornlage gelegenen Burgstall Hechenberg Burg Hechenberg aus dem 13.&nbsp;Jahrhundert.<ref>Michael W. Weithmann: Inventar der Burgen Oberbayerns. S. 179</ref> Die Burg wurde 1033 und 1045 erwähnt. Im 15.&nbsp;Jahrhundert wurde sie zerstört und im 19.&nbsp;Jahrhundert abgebrochen.<ref>AlleBurgen 3891 Hechenberg</ref>Von der ehemaligen Burganlage  sind nur noch Spuren des Turmhügels erhalten, heute ist die Stelle als Bodendenkmal D-1-8135-0003 „Turmhügel des Mittelalters Hechenberg“ vom Bayerisches Landesamt für Denkmalpflege Bayerischen Landesamt für Denkmalpflege erfasst.<ref>BayLADenkm 173118 Dietramszell PDF; 159 kB</ref>"
50,'Burgstall Eulenschwang',11.555002,47.949354,Der 'Burgstall Eulenschwang' ist eine Burgstall abgegangene Spornburg auf dem Höhe 709 DE-NHN link=trueGeoQuelle DE-BY BV hohen „Schanzberg“ beim Dorf Eulenschwang in der Gemeinde Egling im Landkreis Bad Tölz-Wolfratshausen in Bayern.Von der ehemaligen Burganlage ist nichts überliefert und erhalten.<ref>AlleBurgen 3783 Eulenschwang</ref><!--== Geografische Lage ==--><!--== Geschichte ==-->
51,'Burgruine Schellenburg',11.560769,47.668931,"Die 'Burgruine Schellenburg', auch Schellenberg, Neuburg genannt, ist der Rest einer Spornburg auf einem Höhe 750 DE-NHN link=true hohen  Bergsporn über der Isar 1300 Meter nordwestlich der Kapelle Wegscheid im Gemeindegebiet von Lenggries im Landkreis Bad Tölz-Wolfratshausen in Bayern.Die Burg wurde wohl während des 12.&nbsp;Jahrhunderts von den Herren Schellenberg Adelsgeschlecht von Schellenberg erbaut, 1155 wurde ein Rudgerus de Skellenberg als Zeuge in einer Urkunde für das Kloster Schäftlarn genannt.<ref>Werner Meyer: Burgen in Oberbayern, S. 46&nbsp;f.</ref> Ihnen gehörte auch die benachbarte Burgruine Hohenburg Lenggries Hohenburg und die früher ebenfalls in Sichtverbindung liegende Burg in Bad Tölz Tölz. Das Adelsgeschlecht ist im Jahr 1708 ausgestorben. Ab dem 13.&nbsp;Jahrhundert war sie im Besitz des Kloster Tegernsee Klosters Tegernsee, seit damals wurde die Burg Neuburg genannt, vermutlich wurde sie vorher wohl zerstört. Sie diente damals als Wachturm über der Isar. 1593 war sie Sitz eines Vogtes des Klosters.Von der ehemaligen Burganlage hat sich ein noch zwei Meter langer und 0,5&nbsp;Meter hoher Grundmauerrest erhalten. Der östlich unterhalb liegende Ort Schellenburg war vermutlich der frühere Wirtschaftshof der Burg und möglicher Sitz des Vogtes.<ref>Michael W. Weithmann: Inventar der Burgen Oberbayerns, S. 371.</ref>"
52,'Burgstall Hoheneck',11.536437,47.764788,"Der 'Burgstall Hoheneck', auch Hohenegg geschrieben, ist eine Burgstall abgegangene Höhenburg vom Typus einer Turmburg auf Höhe 665 DE-NHN link=true etwa 175 Meter nordnordöstlich vom „Peterbauer“, westlich des Tölzer Isarstausees beim Ortsteil Oberfischbach der Gemeinde Wackersberg im Landkreis Bad Tölz-Wolfratshausen in Bayern.<ref> Der Burgstall im Bayern-Atlas</ref>Laut Stephan Bammer, dem Verfasser der „Chronik der Gemeinde Wackersberg“, wurde die Burg Hoheneck erstmals um 1155 erwähnt. Adalbero und Richer, aus dem Geschlecht der Burgruine Hohenburg Lenggries Hohenburger, benannten ihre Seitenlinie nach der Burg.<ref>Internetquelle url= Eine kurzlebige Burg werk=Merkur.de datum=2016-03-28 zugriff=2017-01-24</ref> 1172 ist ein Rickher von Hoheneck genannt, er war damals Kreuzfahrer während des Kreuzzuges Heinrich der Löwe Heinrichs des Löwen, vermutlich starb er bei dem Unternehmen. 1257 ging die Burg dann in den Besitz des Kloster Tegernsee Klosters Tegernsee über. Bereits im 14. Jahrhundert soll die Burg aufgegeben worden sein und 1394 wurde sie in einer Tauschurkunde als Burgstall erwähnt, dabei wurde sie zusammen mit der früheren Schloss Reichersbeuern Burg Reichersbeuren, einem heutigen Schloss, von Otto von Pienzenau gegen die Schloss Hartmannsberg Burg Hartmannsberg an den bayerischen Herzog Stephan III. Bayern Stephan III. eingetauscht. 1578 war die Burg im Besitz von Hörwart von Hohenburg.<ref>Michael W. Weithmann: Inventar der Burgen Oberbayerns, S. 196.</ref>Von der kleinen ehemaligen Burganlage sind noch Wall- und Burggraben Halsgraben erhalten. An die Burg erinnern heute die Ortsbezeichnungen Bürg, Burgstein und Hoheneck."
53,'Burgstall Schallenkam',11.352702,47.852513,"Der 'Burgstall Schallenkam' ist eine Burgstall abgegangene Höhenburg auf einem Höhe 670 DE-NHN link=true hohen Geländesporn etwa 600 Meter östlich des Einödhofes Schallenkam im  Gemeindegebiet von Münsing im Landkreis Bad Tölz-Wolfratshausen in Bayern.Die kleine Burganlage, von der noch auf der Westseite zwei Burggraben Gräben mit dazwischenliegendem Wall erhalten sind, war durch den im Norden und Südwesten in zwei sich treffende Bacheinschnitte abfallenenden Sporn natürlich geschützt.== Literatur =="
54,'Burg Wolfratshausen',,,"Die 'Burg Wolfratshausen' ist eine Burgstall abgegangene Spornburg bei Höhe 610 DE-NHN link=true auf einem Sporn des „Schlossberges“ am westlichen Steilufer der Loisach über Weidach Wolfratshausen Weidach, einem Stadtteil von Wolfratshausen im Landkreis Bad Tölz-Wolfratshausen in Bayern.<!--== Geografische Lage ==-->== Geschichte ==Die Burg wurde 1116 von den Grafen von Wolfratshausen, einer Seitenlinie der Andechs Adelsgeschlecht Dießen-Andechser Grafen erbaut. Vermutlich war der in Süddeutschland und Tirol begüterte Otto II. von Dießen, Graf von Wolfratshausen, der Bauherr."
55,'Burgstall Sachsenkam',11.639304,47.804100,"Der 'Burgstall Sachsenkam' ist eine Burgstall abgegangene Wasserburg am Egelsee westlich der Gemeinde Sachsenkam im Landkreis Bad Tölz-Wolfratshausen in Bayern.== Geschichte ==Die Burg Sachsenkam wurde wohl während des 11.&nbsp;Jahrhunderts von den Sachsenkam Adelsgeschlecht Herren von Sachsenkam auf einer nur wenig hohen Anhöhe, oder künstlich aufgeschütteten Motte Burg Motte errichtet. Während der ersten Hälfte dieses Jahrhunderts wurde erstmals ein Sachsenkam Adelsgeschlecht „Adalpero de Sachsinheim“ genannt. Der Hügel der Burg war von einem Burggraben Wasser- und Trockengräben Wassergraben umzogen, der mit dem heute zum Großteil versumpften Egelsee in Verbindung stand, und mit Wasser gefüllt war. Die Burg war wohl zum Teil aus Holz errichtet worden, denn Michael Wening schreibt, dass die Burg „aus Holtz erbauet“ worden war. Dies bezieht sich aber möglicherweise nur auf die oberen Stockwerke der Burg. Außerdem schrieb er, dass sie in „Feindeszeiten abgebrennt“ wurde, damit meinte er wohl die Zerstörung im Dreißigjähriger Krieg Dreißigjährigen Krieg."
56,'Burgstall Hechenberg',,,Der 'Burgstall Hechenberg' bezeichnet eine Burgstall abgegangene Spornburg etwa 100 Meter westlich der Kirche St. Valentin von Dietramszell-Hechenberg Dietramszell Hechenberg im Landkreis Bad Tölz-Wolfratshausen in Bayern.<br>Etwa 200 Meter östlich davon befindet sich die Burgstelle der abgegangenen Turmhügel Hechenberg Turmhügelburg Hechenberg.Vermutlich wurde die Burg im 11. Jahrhundert von der Herren von Hechenberg gegründet. Von 1487 bis 1559 war die Burg im Besitz des Kloster Heilig Kreuz Augsburg Dominikanerklosters Augsburg.Von der ehemaligen Burganlage ist nichts erhalten.
57,'Burgstall Hornstein',,,"Der 'Burgstall Hornstein' ist eine Burgstall abgegangene Höhenburg und späteres Schloss Hornstein auf dem äußersten nördlichen Ende eine Geländesporns des Isartal-Hochufers anstelle der Kapelle St. Georg Hornstein St. Georg in Hornstein Egling Hornstein, einem Ortsteil der Gemeinde Egling im Landkreis Bad Tölz-Wolfratshausen in Bayern.Die Burg wurde erstmals 1285 erwähnt. Von 1460 bis 1510 werden als Besitzer die Thorer von Eurasburg genannt. In der Zeit von 1524 bis 1578 wurde die Burg abgebrochen und ein Schloss Architektur Schloss errichtet, das von 1637 bis 1803 im Besitz des Kloster Schäftlarn Klosters Schäftlarn war. 1810 wurde das Schloss mit der 1325 erwähnten Schlosskapelle abgebrochen und 1868 die Kapelle St. Georg errichtet.<!--== Geografische Lage ==--><!--== Geschichte ==-->"
58,'Burg Tölz',11.55981,47.760427,"Die 'Burg Tölz' ist eine Burgstall abgegangene hochmittelalterliche Höhenburg auf einem Vorsprung des Isarhochufers über der Isarlände, unterhalb und auf dem Gelände der heutigen Stadtpfarrkirche Mariä Himmelfahrt Bad Tölz Pfarrkirche, in Bad Tölz im Landkreis Bad Tölz-Wolfratshausen in Bayern.Die Burg wurde um 1180 von Heinrich von Tollenz erbaut. 1262 wird die Capella Töllntz als Kirchenbau auf einem Burgareal, erwähnt. Mit Gebhart starb 1265 das Tölzer Geschlecht aus und der Ort fiel an die Wittelsbacher. Deren prekäre Vermögensverhältnisse veranlassten Herzog Rudolph am 5. August 1300 dazu, Markt und Burg an Freising zu verpachten. In diesem Zusammenhang war von der „Purch zu Tollenz mit dem Marcht darunter“ überhaupt zum ersten Mal konkret von der Burg die Rede, obwohl diese bereits seit über hundert Jahren bestand.<ref name=""Weithmann 103"" />Die Burganlage, über dem Gries liegend, bezog das Gelände der heutigen Stadtpfarrkirche Mariä Himmelfahrt Bad Tölz Stadtpfarrkirche Mariä Himmelfahrt mit ein. Dies veranlasste Stadtchronist Georg Westermayer zur Vermutung, dass der Turm der Stadtpfarrkirche einst der Bergfried der Burg war. Stadttopographisch bezieht sich die Kirche auch heute noch auf den ältesten Ortsteil Gries und nicht auf die Marktstraße, im Laufe des 13. Jahrhunderts wohl planmäßig errichtet,<ref>Stephan Bammer: Eine kurze Geschichte von Bad Tölz. Stadt Bad Tölz Hrsg., 2017, S. 14.</ref> die mehrere Häusergruppen voneinander trennen.<ref name=""Weithmann 103"" />"
59,'Fürstliche Schloss Tölz',11.561319,47.759937,Das 'Fürstliche Schloss Tölz' ist ein Burgstall abgegangenes Schloss Architektur Schloss in Bad Tölz im Landkreis Bad Tölz-Wolfratshausen in Bayern.== Geschichte ==
60,'Burgstall Oberailsfeld',11.351713,49.811347,"Der 'Burgstall Oberailsfeld' ist der Rest einer Burgstall abgegangenen hochmittelalterlichen Höhenburg, die sich einst auf einem Höhe 360 DE-NN link=true hohen Felsen im Talgrund des Ailsbach Püttlach Ailsbaches erhob. Der Burgstall befindet sich im westlichen Teil des Kirchdorfes Oberailsfeld in der Gemeinde Ahorntal im Oberfranken oberfränkischen Landkreis Bayreuth in Bayern, Deutschland. Die Burg ist vollkommen abgegangen, der Burgbereich ist teilweise überbaut.== Geographische Lage =="
61,'Burgstall Alte Veste',11.364779,49.815442,"Der 'Burgstall Alte Veste' oder Alte Vestung war eine Burgstall abgegangene vermutlich spätmittelalterliche Adelsburg in der Nähe des Dorfes Oberailsfeld in der Ahorntal Gemeinde Ahorntal im Oberfranken oberfränkischen Landkreis Bayreuth in Bayern, Deutschland.Der Burgstall ist frei zugänglich.== Geographische Lage =="
62,'Burgstall Oberntüchersfeld',11.360090,49.785766,"Der hochmittelalterliche 'Burgstall Oberntüchersfeld' war eine der beiden Burgen im Kirchdorf Tüchersfeld, sie erhob sich einst hoch über dem Ort im Tal der Püttlach Fluss Püttlach auf einer Felsspitze des Mittelberges. Der Burgstall der Höhenburg befindet sich auf Höhe 455 DE-NN link=true inmitten des Dorfes Tüchersfeld in der Gemeinde Pottenstein Oberfranken Pottenstein im Oberfranken oberfränkischen Landkreis Bayreuth in Bayern, Deutschland. == Geschichte =="
63,'Burgstall Spies',11.400582,49.639043,Am 'Burgstall Spies' befand sich eine Burgstall abgegangene hochmittelalterliche Adelsburg über dem Dorf Spies Betzenstein Spies in der Gemeinde Betzenstein im Oberfranken oberfränkischen Landkreis Bayreuth.Nur noch sehr wenige Mauerreste zeugen von ihr.Der Burgstall ist frei zugänglich und dient als Aussichtspunkt.
64,'Burgstall Wartberg',11.500500,49.783726,Der 'Burgstall Wartberg' ist eine Burgstall abgegangene hochmittelalterliche Adelsburg hoch über der Ortschaft Kosbrunn in der Stadt Pegnitz Stadt Pegnitz im Oberfranken oberfränkischen Landkreis Bayreuth in Bayern.Die Burgstelle ist frei zugänglich und dient als Aussichtspunkt.== Geographische Lage ==
65,'Burgstall Schlüsselberg',11.345840,49.834441,"Der 'Burgstall Schlüsselberg' ist eine Burgstall abgegangene hochmittelalterliche Adelsburg über der Pulvermühle, einem südlichen Stadtteil von Waischenfeld im Oberfranken oberfränkischen Landkreis Bayreuth in Bayern.Der Burgstall ist frei zugänglich.== Geographische Lage =="
66,'Burgstall Böheimstein',11.532681,49.757956,"Der 'Burgstall Böheimstein', früher auch Burg Pegnitz genannt, war eine vermutlich erst im Spätmittelalter von den Landgrafen von Leuchtenberg gegründete Burg auf dem Schlossberg über der Stadt Pegnitz Stadt Pegnitz im Oberfranken oberfränkischenLandkreis Bayreuth in Bayern.Der Burgstall der Gipfelburg ist frei zugänglich und dient mit dem 1923 errichteten Aussichtsturm als Aussichtspunkt."
67,'Burgstall Leupoldstein',11.387247,49.694172,"Der 'Burgstall Leupoldstein' ist der Rest einer Burgstall abgegangenen hochmittelalterlichen Spornburg, die sich einst auf einem steil aufragenden Dolomit Gestein Dolomitfelsriff erhob. Der Burgstall liegt unmittelbar südwestlich über dem Dorf Leupoldstein in der Gemeinde Betzenstein im Oberfranken oberfränkischen Landkreis Bayreuth in Bayern, Deutschland. Die vermutlich schon sehr früh, um das Jahr 1100, gegründete Burg wurde um das Jahr 1397 von Wenzel HRR König Wenzel wegen Raubrittertums zumindest teilweise zerstört, das endgültige Ende kam etwa 30 Jahre später im Hussitenkriege Hussitenkrieg. Von der Burg sind nur noch wenige überwachsene Grundmauerreste vorhanden.== Geographische Lage =="
68,'Burgstall Schlosshügel',11.77120,49.95348,"Der 'Burgstall Schlosshügel' bei Weidenberg ist eine Burgstall abgegangene Höhenburganlage bzw. eine Ringwallanlage vom Typus einer Turmhügelburg Motte aus dem frühen Mittelalter. Sie liegt am Südrand des Fichtelgebirges auf 699 Meter über NN oberhalb der Ortschaft Sophienthal, eines Ortsteils des Marktes Weidenberg im oberfränkischen Landkreis Bayreuth in Bayern. Der Burgstall wurde mittels Sondagen teilweise erkundet und in der Vergangenheit wiederholt Kartografie kartographiert.== Geschichte ==Es wurden bisher keine Niederschriften über die Burganlage gefunden, auch ist ihr Name nicht überliefert. Es könnte sich jedoch um die seit 1412 in Lehnswesen Lehensurkunden genannte Befestigung „Gurtstein mitsamt dem Walde“ handeln.<ref name=""Kröll52"">Joachim Kröll: Die Geschichte des Marktes Weidenberg. 1967, S. 52</ref>Auf einer strategisch günstigen Geländeerhebung baute man einen Turm zur Überwachung des Umlandes mit Blickkontakt zu benachbarten Signalhügeln im Weidenberger Tal, ins obere Steinachtal und in die nördlichen Oberpfalz große Burganlage: Rauher Kulm Oberpfalz Rauher Kulm. Im Laufe der Zeit wurde dieser Turmhügel zu einer Ringwallanlage ausgebaut."
69,'Burgstall Plankenstein',11.344651,49.893157,"Der 'Burgstall Plankenstein' ist der Überrest der Burgstall abgegangenen mittelalterlichen Burg Plankenstein. Er liegt über dem Ortsteil Plankenstein Plankenfels Plankenstein an höchster Stelle auf dem gleichnamigen Plankenstein in der Oberfranken oberfränkischen Gemeinde Plankenfels in Bayern, Deutschland. Von der Burg, die während des 13. Jahrhunderts errichtet wurde und bis ins 15. Jahrhundert bestand, sind nur sehr wenige Reste der Bausubstanz erhalten. Sie war ursprünglich der Stammsitz eines edelfreien Geschlechtes und kam später an das Hochstift Bamberg. Vom frei zugänglichen Burgstall bietet sich eine eindrucksvolle Aussicht in die Fränkische Schweiz.== Geographische Lage =="
70,'Burgstall Leuenstein',11.378219,49.714134,"Der 'Burgstall Leuenstein' ist der Überrest der Burgstall abgegangenen hochmittelalterlichen Burg Leuenstein. Er liegt im Gemeindefreies Gebiet Gemeindefreien Gebiet Waidacher Forst über dem Ortsteil Graisch an höchster Stelle auf dem Bleistein in der Oberfranken oberfränkischen Gemeinde Pottenstein Oberfranken Pottenstein in Bayern, Deutschland. Die Spornburg, die zu den wenigen wirklichen Raubritterburgen zählte, wurde auch aus diesem Grunde durch ein Aufgebot von König Wenzel HRR Wenzel erobert und zerstört und anschließend mit einem Wiederaufbauverbot belegt. Überreste von Bausubstanz sind nicht erhalten, sie wurde wohl gründlich geschleift.== Geographische Lage ==Die Burgstelle liegt im östlichen Bereich des Mittelgebirges Fränkische Alb Frankenjura, auf dem mit Höhe 569 DE-NN link=true hohen Bleistein, der auf seinem Plateau einen langgezogenen, von Nordwesten nach Südosten verlaufenden Felskamm bildet. Dieser felsige Grat fällt an allen Seiten senkrecht mehrere Meter ab, und bildet kurz vor seinem südöstlichen Ende eine nach Süden gerichtete Felsnase auf der sich die Burg befand. Die Felsnase liegt etwa 70&nbsp;Höhenmeter über dem „Teichtal“, einem Trockental."
71,'Burgstall im Eibental',11.431130,49.647883,"Der 'Burgstall im Eibental' ist der Überrest einer Burgstall abgegangenen hochmittelalterlichen Gipfelburg. Er liegt 750&nbsp;Meter östlich der Einöde Eibenthal Betzenstein Eibenthal im gleichnamigen Eibental auf einer „Burgstall“ genannten Höhe 550 DE-NN link=true hohen Felskuppe in der Oberfranken oberfränkischen Gemeinde Betzenstein in Bayern, Deutschland.<ref> Lage des Burgstalles im Bayern Atlas</ref> Von der Burg sind nur sehr wenige geschichtliche Daten bekannt, die außerdem noch aus der Zeit nach ihrer Zerstörung stammen. Erhalten hat sich von der Anlage keine Bausubstanz, nur Mörtelreste und Keramikscherben befinden sich noch auf der Burgstelle.== Geschichte ==Die einzige Nachricht über diese Burg stammt aus den Jahren 1366/68 mit dem Eintrag im Neuböhmischen Salbuch: „item das Burgstall in dem Eibental und das Hagholz, gehört zu Strahlenfels und ist Lehen von den Landgrafen und das tragen die einem König zu Böhmen Dietrich und Heinrich die Wildensteiner zu dem Rothenberg“. Wie daraus hervorgeht, war die Burg zu dieser Zeit bereits zerstört und wurde deshalb Burgstall genannt. Außerdem erfährt man, dass die Burg im Besitz der Landgrafen von Leuchtenberg war, die sie dem Geschichte Böhmens böhmischen König zu Lehenswesen Lehen auftrugen. Der König gab sie zusammen mit dem zur etwa vier Kilometer westlich gelegenen Burgstall Strahlenfels Burg Strahlenfels gehörenden Hagholz als Afterlehen an Dietrich und Heinrich von Wildenstein Adelsgeschlecht in Mittelfranken Wildenstein. Dieser Adelsfamilie gehörten neben der Burg Strahlenfels auch die Burgen Burgstall Alter Rothenberg Rothenberg und Burgruine Wildenfels Wildenfels, ihr Stammsitz war die Schloss Wildenstein Dietfurt an der Altmühl Burg Wildenstein im Altmühltal bei Dietfurt an der Altmühl.<ref>Quelle Geschichte: Hellmut Kunstmann: Die Burgen der östlichen Fränkischen Schweiz, S. 482</ref>"
72,'Haidenschloss',,,"Das 'Haidenschloss', auch als Burgstall Rauschenberg bezeichnet, ist ein Burgstall am Fuße des Rauschenbergs bei Gefrees im Landkreis Bayreuth in Oberfranken. Der Burgstall ist frei zugänglich.== Geographische Lage ==Der Burgstall der Höhenburg vom Typus einer Turmhügelburg Motte befindet sich auf dem südlichen Vorsprung am Fuße des Rauschenbergs in der Flur „Unterer Wasserfall“, Gemarkung Wundenbach, in Höhe 565 DE-NHN link=true. Eingegrenzt wird der Bergsporn vom Lauf des Kornbaches."
73,'Alte Schloss',,,"Das 'Alte Schloss' ist eine Burgstall abgegangene Niederungsburg in der Ortsflur Bucheck Gefrees Bucheck bei Gefrees im Landkreis Bayreuth in Oberfranken. Der Burgstall ist frei zugänglich.== Geographische Lage ==Der Burgstall befindet sich am Lauf des Ölschnitz Weißer Main Zuflüsse Rieglersbachs in der Ortsflur Bucheck, Gemarkung Witzleshofen, auf etwa Höhe 525 DE-NN link=true, etwa 1250&nbsp;Meter nordnordöstlich der Ortsmitte von Witzleshofen und 750&nbsp;Meter nördlich von Bucheck."
74,'Burgstall Gefrees-Bühl',,,"Der 'Burgstall Gefrees-Bühl' ist der Rest einer Burgstall abgegangen Höhenburg vom Typus einer Turmhügelburg Motte auf dem Mühlberg in Gefrees im Landkreis Bayreuth in Oberfranken.== Geographische Lage ==Der Burgstall befindet sich auf dem östlichen Vorsprung des Mühlberges in Gefrees, auf der Flur Bühl, Höhe 500 DE-NN link=true, etwa 550 Meter entfernt von der Ortsmitte der Stadt Gefrees. Eingegrenzt wird der Bergsporn vom Lauf des Lübnitzbaches.<ref> Lage des Burgstalles im Bayern Atlas</ref>"
75,'Burgstall Ahorn',11.375119,49.82713,"Der 'Burgstall Ahorn', auch Klausstein genannt, ist eine Burgstall abgegangene Spornburg auf Höhe 443 DE-NN link=true oberhalb der Sophienhöhle anstelle der heutigen Klaussteinkapelle bei Klausstein, einem Ortsteil der Gemeinde Ahorntal im Landkreis Bayreuth in Bayern. Unweit davon befindet sich die Burg Rabenstein Oberfranken Burg Rabenstein.Die Burg wurde um 1050 bis 1100 von den Herren von Ahorn als Stammsitz erbaut und 1130 erwähnt. 1277 war die Burg im Besitz des Erzbistum Bamberg Bistums Bamberg. 1398 wird im ältesten Landbuch des Landes Bayreuth nur noch eine Burgkapelle Kapelle auf dem Burgplatz erwähnt.Heute sind die Reste der ehemaligen Burganlage in der Klaussteinkapelle und einem privaten Wohnhaus aufgegangen."
76,'Burgstall Altenkünsberg',,,"Der 'Burgstall Altenkünsberg', auch Kindesberg genannt, ist eine Burgstall abgegangene Burg auf der Gemarkung Neuhof Creußen Neuhof bei Altenkünsberg, einem heutigen Stadtteil von Creußen im Landkreis Bayreuth in Bayern.Die Burg wurde um 1220 von der Herren von Künsberg als Stammsitz erbaut. Von 1404 bis 1417 wurde ein Neubau errichtet und 1461 zerstört. Im frühen 16. Jahrhundert wurde die Burg wieder aufgebaut und 1591 erneut zerstört. 1791 wurde sie abgebrochen. Als weitere Besitzer werden auch die Herren von Stein Adelsgeschlecht Stein genannt.Der Kartograph der Plassenburg Johann Christoph Stierlein fertigte 1792 einen detailgetreuen Plan der Burgruine. Der Plan zeigt die gedrungene Anlage auf einer Bergkuppe an den Weiler anschließend. Neben einer viereckigen Umfassungsmauer mit unterschiedlich langen Seiten sind noch Reste einer Gebäudemauer zu erkennen."
77,'Burgstall Aufseß',11.233873,49.878124,Der 'Burgstall Aufseß' ist eine Burgstall abgegangene mittelalterliche Höhenburg auf Höhe 458.5 DE-NN link=true etwa 750&nbsp;Meter südöstlich der Kirche von Aufseß im Landkreis Bayreuth in Bayern.Vermutlich war es eine Burg der 1114 erstmals erwähnten Heren von Aufseß Adelsgeschlecht Aufseß. Von der ehemaligen Burganlage ist nichts erhalten.<!--== Geografische Lage ==--><!--== Geschichte ==-->
78,'Burg Creußen',11.62326,49.84417,"Die 'Burg Creußen', auch Heziloburg genannt, ist eine Burgstall abgegangene Burg anstelle des ehemaligen Palais Schirnding im Bereich des Pfarrgartens nördlich des Pfarrhauses der Pfarrkirche St. Jakobus in Creußen Heziloplatz 1 im Landkreis Bayreuth in Bayern.<!--== Geografische Lage ==-->== Geschichte ==Die Burg Castra Crusni wurde im 9. bis 10. Jahrhundert erbaut, 1003 erwähnt und zerstört. Im 11. bis 12. Jahrhundert fand ein Neubau in Stein statt. Besitzer der Burg waren die Schweinfurt Adelsgeschlecht Grafen von Schweinfurt Heinrich von Schweinfurt, Hezilo, Sohn des Berthold von Schweinfurt und 1251 wurden die Burggrafschaft Nürnberg Burggrafen von Nürnberg genannt. Im 14. Jahrhundert war die Burg Witwensitz der Nürnberger Burggräfin Elisabeth und wurde 1430 im Zuge der Hussitenkriege zerstört."
79,'Burg Bühl',11.637506,,"Die 'Burg Bühl' ist eine Burgstall abgegangene Höhenburg Höhe 370 DE-NHN link=true in der Gemarkung Schamelsberg bei Bühl Emtmannsberg Bühl Bühl&nbsp;1, einem Ortsteil der Gemeinde Emtmannsberg im Landkreis Bayreuth in Bayern.Die Burg wurde um 1379 von den Herren von Vannau erbaut. Als weitere Besitzer werden die Herren von Varell Adelsgeschlecht Varell genannt. Im Zuge des Dreißigjähriger Krieg Dreißigjährigen Krieges wurde die Burg, von der heute nur noch geringe Reste zeugen, zerstört.<!--== Geografische Lage ==--><!--== Geschichte ==-->"
80,'Burg Frankenberg',,,"Die 'Burg Frankenberg' sind die Reste einer Burg in Frankenberg Speichersdorf Frankenberg Haus Nr. 12 und 13, einem Ortsteil der Gemeinde Speichersdorf im Landkreis Bayreuth in Bayern.Die Burg wurde um 1220 von Ministerialen von Frankenberg erbaut, 1329 erwähnt und 1461/62 und im Dreißigjähriger Krieg Dreißigjährigen Krieg zerstört. 1665 fand ein Wiederaufbau statt. Als weitere Besitzer werden die Herren von Birkensee genannt.Von der ehemaligen Burganlage sind Reste der Ringmauer Buckelquaderreste in der südlichen und westlichen Außenseite eines Bauernhauses und in der südlichen Seite eines Wohnhauses integriert."
81,'Burgstall Heinersreuth',11.532642,49.968829,"Der 'Burgstall Heinersreuth' ist eine Burgstall abgegangene Burg am Schlossplatz in Heinersreuth im Landkreis Bayreuth in Bayern.Von der 1398 erwähnten Burganlage, die vermutlich 1430 durch die Hussiten zerstört wurde,<ref>Webarchiv url=  wayback=20140306112343  text=Wüstungen im Bereich der Gemeinde Heinersreuth.  Abgerufen am 23. März 2015.</ref> ist nichts erhalten.<!--== Geografische Lage ==--><!--== Geschichte ==-->"
82,'Turmhügel Hermersreuth',11.720923,50.062800,"Der 'Turmhügel Hermersreuth' ist eine Burgstall abgegangene Turmhügelburg Motte in Hermersreuth, einem heutigen Stadtteil von Gefrees im Landkreis Bayreuth in Bayern.Die Burganlage war 1370 als „Haus“ erwähnt burggräfliches Lehen von Hermann Santner und um 1426 Lehen von Rüdiger von Sparneck. Von der ehemals von einem wassergefüllten Burggraben Wasser- und Trockengräben Graben umgebenen Motte Burg Mottenanlage mit Außenwall im Süden, Norden und Osten ist noch der mittelalterliche Turmhügel erhalten."
83,'Stadtburg Hollfeld',,,"Die 'Stadtburg Hollfeld' ist eine Burgstall abgegangene Stadtburg auf einen Höhensporn Höhenburg bei Höhe 410 DE-NHN link=true am Zusammenfluss von Wiesent Regnitz Wiesent und Kainach Wiesent Kainach am heutigen Marienplatz in Hollfeld Altstadt im Landkreis Bayreuth in Bayern.<ref> Hollfeld-Baudenkmäler geodaten.bayern.de</ref>Die frühmittelalterliche Burganlage aus ottonischer Zeit wurde erstmals 1017 erwähnt und war die Befestigung der Oberstadt, aus der die heute gut erhaltene historische Altstadt entstand. Von der ehemaligen Burganlage ist nichts mehr erhalten.<!--== Geografische Lage ==--><!--== Geschichte ==-->"
84,'Burgstall Kandlberg',11.450879,49.855538,"Der 'Burgstall Kandlberg' ist eine Burgstall abgegangene Höhenburg bei Höhe 515 DE-NHN link=true auf dem „Kandlberg“ etwa 1000 Meter südsüdöstlich der Ortsmitte von Körzendorf, einem Ortsteil der Gemeinde Ahorntal im Landkreis Bayreuth in Bayern.Am 21. Mai 1422 genehmigte der Bistum Bamberg Bamberger Bischof den Bau der Burg, die während des Baus, möglicherweise wegen der dortigen Hussitenkriege Hussiteneinfälle bereits wieder aufgegeben wurde. Erhalten haben sich nur die beiden Enden des angefangenen Halsgrabens.<!--== Geografische Lage ==--><!--== Geschichte ==-->"
85,'Burgstall Kirchahorn',11.403996,49.833521,"Der 'Burgstall Kirchahorn' ist eine Burgstall abgegangene Wasserburg  südlich von Kirchahorn, einem Ortsteil der Gemeinde Ahorntal im Landkreis Bayreuth in Bayern.<!--== Geografische Lage ==--><!--== Geschichte ==--> <!--== Beschreibung ==-->"
86,'Burgstall Klauskirchberg',11.409719,49.683174,"Der 'Burgstall Klauskirchberg' ist eine Burgstall abgegangene Höhenburg auf dem Höhe 551 DE-NHN link=true hohen Klauskirchberg etwa 600&nbsp;Meter von Betzenstein im Landkreis Bayreuth in Bayern.Von der Burganlage, bei der es sich um die Burg Albewinistein handeln könnte, ist nichts erhalten, das Gelände wird heute von einem Klettergarten eingenommen.<!--== Geografische Lage ==--><!--== Geschichte ==-->"
87,'Burgruine Niederntüchersfeld',,,"Die 'Burgruine Niederntüchersfeld' war eine der beiden Höhenburgen im Kirchdorf Tüchersfeld. Die Ruine der Spornburg befindet sich auf einer Felsnadel inmitten des Dorfes Tüchersfeld in der Gemeinde Pottenstein Oberfranken Pottenstein im Oberfranken oberfränkischen Landkreis Bayreuth in Bayern. Auf der hinteren Felsnadel befinden sich die Reste der Burgstall Oberntüchersfeld Burg Oberntüchersfeld.Die Burg wurde im 13. Jahrhundert erbaut und 1269 erwähnt. Am 27. Mai 1262 erwarb der Erzbistum Bamberg Bamberger Bischof Berthold von Leiningen die Burg.In den Nachträgen zum bischöflichen Urbar B von 1348 wurden die beiden Burgen Tüchersfeld erstmals namentlich unterschieden; die obere Burg ist Sitz eines vor 1323–27 entstandenen Amtes, die untere Burg befand sich als Lehen im Besitz der Groß von Trockau."
88,'Turmhügel Altencreußen',11.666269,49.813009,"Der 'Turmhügel Altencreußen' ist eine Burgstall abgegangene Turmhügelburg Motte am südlichen Ortsrand von Altencreußen, einem Ortsteil der Gemeinde Prebitz im Landkreis Bayreuth in Bayern.== Geschichte ==Die Wasserburganlage wurde erstmals 1337 als Festes Haus erwähnt. 1401 oder 1404<ref name=""Schwarz"">Klaus Schwarz: Die vor- und frühgeschichtlichen Geländedenkmäler Oberfrankens. S. 144.</ref> wurden die Herren von Vannau als Besitzer des „gemauerten Hauses“ genannt, 1418 gehörte der Sitz „auf dem Wale“ den Künsbergern. 1430 wurde die Burg im Zuge der Hussitenkriege zerstört und 1431 sowie 1499 als Burgstall genannt.<ref>Rüdiger Bauriedel, Ruprecht Konrad-Röder: Mittelalterliche Befestigungen und niederadelige Ansitze im Landkreis Bayreuth. S. 116.</ref> Im Jahr 1481 sind die von Aufseß Adelsgeschlecht Aufseß im Ort nachweisbar. Heute ist der auf landwirtschaftlich genutzter Fläche liegende Burgstall als Bodendenkmal D-4-6136-0003 „Mittelalterlicher Turmhügel“ vom Bayerisches Landesamt für Denkmalpflege Bayerischen Landesamt für Denkmalpflege erfasst.<ref>BayLADenkm 472180 Prebitz PDF; 125 kB</ref>"
89,'Turmhügel Beim Schlossbauern',11.467033,49.913053,"Der 'Turmhügel Beim Schlossbauern' ist eine Burgstall abgegangene mittelalterliche Turmhügelburg Motte etwa 150 Meter nordöstlich der Kirche von Mistelgau im Landkreis Bayreuth in Bayern.<ref> Lage des Burgstalles im Bayern Atlas</ref>Von der ehemaligen Motte Burg Mottenanlage sind nur Reste eines Burggraben Grabens erhalten, die Burgstelle ist heute überbaut. Der Burgstall wurde als Bodendenkmal D-4-6034-0045 „Turmhügel des Mittelalters“ vom Bayerisches Landesamt für Denkmalpflege Bayerischen Landesamt für Denkmalpflege erfasst.<ref>BayLADenkm 472167 Mistelgau PDF; 132 kB</ref>Siehe auch Liste deutscher Turmhügelburgen"
90,'Burgstall Galgenberg',11.712372,49.930372,Der 'Burgstall Galgenberg' ist eine Burgstall abgegangene mittelalterliche Höhenburg auf dem Höhe 478 DE-NHN link=true hohen „Galgenberg“ oberhalb von St. Stephan bei Weidenberg im Landkreis Bayreuth in Bayern.Von der ehemaligen Burganlage ist nichts erhalten.<!--== Geografische Lage ==--><!--== Geschichte ==-->
91,'Burgstall Boden',11.612418,49.856234,"Der 'Burgstall Boden' ist eine Burgstall abgegangene Höhenburg auf Höhe 425 DE-NHN link=true bei Boden Creußen Boden, einem Ortsteil der Gemeinde Creußen im Landkreis Bayreuth in Bayern.Die Burganlage wurde 1499 im Besitz der Herren von Hirschaid erwähnt und galt 1692 als verödet.<!--== Geografische Lage ==--><!--== Geschichte ==-->"
92,'Turmhügel Emtmannsberg',11.646270,49.893107,Der 'Turmhügel Emtmannsberg' ist eine Burgstall abgegangene Turmhügelburg Motte auf einer Terrasse Höhe 470 DE-NHN link=true etwa 50&nbsp;Meter nördlich des Schloss Emtmannsberg Schlosses Emtmannsberg in Emtmannsberg im Landkreis Bayreuth in Bayern.Als Besitzer der Burg werden die Herren von Künsberg und die Herren von Trautenberg Adelsgeschlecht Trautenberg genannt.Von der ehemaligen Burganlage ist nur noch der verflachte Burghügel erhalten.
93,'Turmhügel Löhlitz',11.361757,49.869878,"Der 'Turmhügel Löhlitz' ist eine Burgstall abgegangene mittelalterliche Turmhügelburg Motte und Wasserburg nahe dem Schmierbach am südlichen Ortsrand von Löhlitz, einem heutigen Stadtteil von   Waischenfeld im Landkreis Bayreuth in Bayern.Reste der Turmhügelanlage, die in einem später darauf errichteten Haus mit Wirtschaftsgebäude und Backofen enthalten sind, weisen auf einen Rundturm hin. Der Burggraben Wasser- und Trockengräben Wassergraben wurde von einem Rinnsal aus der sich östlich anschließenden Flussaue Aue gespeist. Reste des Ringwalls sind noch sichtbar.Siehe auch Liste deutscher Turmhügelburgen"
94,'Burgstall Schlossgarten',11.449482,49.887529,Der 'Burgstall Schlossgarten' ist eine Burgstall abgegangene Burg Rittergut unmittelbar südlich der Kirche von          Glashütten Oberfranken Glashütten im Landkreis Bayreuth in Bayern.Die 1383 erwähnte Burg war im Besitz der Herren von Lüschwitz ein ursprünglich sächsisches Adelsgeschlecht. 1553 wurde die Burg im Zuge des Zweiter Markgrafenkrieg Zweiten Markgrafenkrieges zerstört. Danach waren die Lüschwitzer von 1575 bis 1728 im Ritterkanton Gebürg etabliert.  1632 wurde die Burg im Dreißigjähriger Krieg Dreißigjährigen Krieg wieder zerstört und 1836 abgebrochen.
95,'Turmhügel Wallberg',11.7055,50.1143,"Der 'Turmhügel Wallberg' ist eine Burgstall abgegangene mittelalterliche Höhenburg von Typus einer Turmhügelburg Motte auf Höhe 543 DE-NHN link=true unmittelbar nördlich von Streitau Gefrees Streitau, einem Ortsteil der Gemeinde Gefrees im Landkreis Bayreuth in Bayern.<ref> Lage des Turmhügels im Bayern Atlas</ref><!--== Geografische Lage ==--><!--== Geschichte ==-->== Beschreibung =="
96,'Burg Wasserknoden',,,"Die 'Burg Wasserknoden', auch Schloss Wasserknoden genannt, ist eine ehemalige Burg und ein späterer Schloss Architektur Schlossbau in Wasserknoden Haus Nr. 28, einem heutigen Stadtteil von Bad Berneck im Fichtelgebirge im Landkreis Bayreuth in Bayern.Die Burg, in der Johannes von Wallenrode Johann von Wallenrode, späterer Erzbistum Riga Erzbischof von Riga, seine Kindheit verbrachte, wurde 1342 von den Herren von Wallenrode Adelsgeschlecht Wallenrode erbaut,.<ref>Internetquelle   url=   titel=Johann von Wallenrode: der Erzbischof aus Wasserknoden   hrsg=Nordbayerischer Kurier   werk=bt24.de   datum=2012-06-04   zugriff=2015-03-23   archiv-url=   archiv-datum=2015-04-02   offline=ja </ref> 1525 wurde die Burg im Deutscher Bauernkrieg Bauernkrieg zerstört. Vom in der zweiten Hälfte des 16. Jahrhunderts errichteten schlossartigen Neubau steht nur noch ein zweigeschossiger Halbwalmdachbau Wohnstallhaus auf den Grundmauern der ehemaligen Burg. <!--== Geografische Lage ==--><!--== Geschichte ==-->"
97,'Turmhügelburg Teinitz',11.723662,49.962536,"Der 'Turmhügelburg Teinitz' ist eine Burgstall abgegangene mittelalterliche Höhenburg vom Typus einer Turmhügelburg Motte auf einem Höhe 525 DE-NHN link=true hohen Bergsporn an der Altstraße über der Königsheide Fichtelgebirge Königsheide etwa 100 Meter südsüdöstlich der Ortsmitte von Gossenreuth, einem Ortsteil des Marktes Weidenberg im Landkreis Bayreuth in Bayern.<ref> Lage des Turmhügels im Bayern Atlas</ref>Als Besitzer der Burg, deren Namen vom Slawische Sprachen slawischen „tynec“, was „kleine Burg“ bedeutet, abgleitet ist, werden im 15. Jahrhundert die Herren von Tanndorf und im 16. Jahrhundert die Herren von Künsberg Künßberg genannt.<ref>Rüdiger Bauriedel, Ruprecht Konrad-Röder: Mittelalterliche Befestigungen und niederadelige Ansitze im Landkreis Bayreuth. S. 98.</ref>Von der ehemaligen Motte Burg Mottenanlage sind noch der Turmhügel und der Burggraben Graben erhalten. Die Burgstelle ist heute als Bodendenkmal Nummer D-4-6036-0005: Mittelalterlicher Turmhügel<ref>BayLADenkm 472199 Weidenberg PDF; 144 kB</ref> geschützt."
98,'Kirchenburg St. Marien',11.541555,49.898982,Die 'Kirchenburg St. Marien' zum Gesees ist eine ehemalige Wehrkirche und heutige evangelisch-lutherische Pfarrkirche von Gesees im Regierungsbezirk Oberfranken oberfränkischen Landkreis Bayreuth.== Lage ==Die Anlage steht oberhalb des Ortes Gesees in weithin sichtbarer Lage am Hang des Sophienberg Haag Sophienbergs früher Culmberg. Der Weg von Gesees aus hinauf zur Burg führt durch einen alten Obstgarten. Der schwierige Untergrund Lias-Thon machte 1979 – auch aufgrund der Abholzung des früheren Eichenbestandes – eine neuzeitliche Pfahlgründung notwendig.
